{
    "Hits@1": 0.005153721538817582,
    "Hits@3": 0.008589535898029303,
    "Hits@5": 0.010200630196001637,
    "Hits@10": 0.013396115571537928,
    "Mean Reciprocal Rank (MRR)": 0.00971213085948278,
    "Evaluation Time (seconds)": 712.8816938400269
}