{
    "Hits@1": 0.004548448542894273,
    "Hits@3": 0.007494703861285671,
    "Hits@5": 0.009292720702116675,
    "Hits@10": 0.012497107151122426,
    "Mean Reciprocal Rank (MRR)": 0.008938611169408632,
    "Evaluation Time (seconds)": 684.6140611171722
}